Position, Company, Location, URL
https://kr.indeed.com/rc/clk?jk=718f3daebfc59a4b&fccid=4178395beb21535a&vjs=3, 메디인테크,서울 종로구, C/C++  Python 로봇 제어 개발자의 전체 세부 정보
https://kr.indeed.com/rc/clk?jk=718f3daebfc59a4b&fccid=4178395beb21535a&vjs=3, 메디인테크,서울 종로구, C/C++  Python 로봇 제어 개발자의 전체 세부 정보
https://kr.indeed.com/rc/clk?jk=718f3daebfc59a4b&fccid=4178395beb21535a&vjs=3, 메디인테크,서울 종로구, C/C++  Python 로봇 제어 개발자의 전체 세부 정보
https://kr.indeed.com/rc/clk?jk=718f3daebfc59a4b&fccid=4178395beb21535a&vjs=3, 메디인테크,서울 종로구, C/C++  Python 로봇 제어 개발자의 전체 세부 정보
https://kr.indeed.com/rc/clk?jk=b071c5b183653b26&fccid=1544766d4c2915b0&vjs=3, EY,서울 영등포구, [EY한영] 컨설팅본부 DnA팀 인턴 채용 (프랑스어 능통자)의 전체 세부 정보
https://kr.indeed.com/rc/clk?jk=b071c5b183653b26&fccid=1544766d4c2915b0&vjs=3, EY,서울 영등포구, [EY한영] 컨설팅본부 DnA팀 인턴 채용 (프랑스어 능통자)의 전체 세부 정보
https://kr.indeed.com/rc/clk?jk=b071c5b183653b26&fccid=1544766d4c2915b0&vjs=3, EY,서울 영등포구, [EY한영] 컨설팅본부 DnA팀 인턴 채용 (프랑스어 능통자)의 전체 세부 정보
https://kr.indeed.com/rc/clk?jk=b071c5b183653b26&fccid=1544766d4c2915b0&vjs=3, EY,서울 영등포구, [EY한영] 컨설팅본부 DnA팀 인턴 채용 (프랑스어 능통자)의 전체 세부 정보
https://kr.indeed.com/rc/clk?jk=fe177462f79a3fab&fccid=47d3a5ed3c96e651&vjs=3, 보이스루,서울 강남구, DeepLearning R&D Researcher의 전체 세부 정보
https://kr.indeed.com/rc/clk?jk=fe177462f79a3fab&fccid=47d3a5ed3c96e651&vjs=3, 보이스루,서울 강남구, DeepLearning R&D Researcher의 전체 세부 정보
https://kr.indeed.com/rc/clk?jk=fe177462f79a3fab&fccid=47d3a5ed3c96e651&vjs=3, 보이스루,서울 강남구, DeepLearning R&D Researcher의 전체 세부 정보
https://kr.indeed.com/rc/clk?jk=fe177462f79a3fab&fccid=47d3a5ed3c96e651&vjs=3, 보이스루,서울 강남구, DeepLearning R&D Researcher의 전체 세부 정보
https://kr.indeed.com/rc/clk?jk=fd7eb02d79d91c52&fccid=980d6ecc399a3373&vjs=3, 현대자동차그룹,대한민국, 바디편의 제어 소프트웨어 개발 및 검증[연구원  책임연구원]의 전체 세부 정보
https://kr.indeed.com/rc/clk?jk=fd7eb02d79d91c52&fccid=980d6ecc399a3373&vjs=3, 현대자동차그룹,대한민국, 바디편의 제어 소프트웨어 개발 및 검증[연구원  책임연구원]의 전체 세부 정보
https://kr.indeed.com/rc/clk?jk=fd7eb02d79d91c52&fccid=980d6ecc399a3373&vjs=3, 현대자동차그룹,대한민국, 바디편의 제어 소프트웨어 개발 및 검증[연구원  책임연구원]의 전체 세부 정보
https://kr.indeed.com/rc/clk?jk=fd7eb02d79d91c52&fccid=980d6ecc399a3373&vjs=3, 현대자동차그룹,대한민국, 바디편의 제어 소프트웨어 개발 및 검증[연구원  책임연구원]의 전체 세부 정보
https://kr.indeed.com/rc/clk?jk=79b1c4cd15a6e3b4&fccid=2f8799a5ef214646&vjs=3, 위메프,대한민국, [위메프서비스] NLP Engineer의 전체 세부 정보
https://kr.indeed.com/rc/clk?jk=79b1c4cd15a6e3b4&fccid=2f8799a5ef214646&vjs=3, 위메프,대한민국, [위메프서비스] NLP Engineer의 전체 세부 정보
https://kr.indeed.com/rc/clk?jk=79b1c4cd15a6e3b4&fccid=2f8799a5ef214646&vjs=3, 위메프,대한민국, [위메프서비스] NLP Engineer의 전체 세부 정보
https://kr.indeed.com/rc/clk?jk=79b1c4cd15a6e3b4&fccid=2f8799a5ef214646&vjs=3, 위메프,대한민국, [위메프서비스] NLP Engineer의 전체 세부 정보
https://weworkremotely.com//remote-jobs/lemon-io-python-developer-3, lemon.io,Latin America Only/Europe Only/Canada Only, Python Developer
https://weworkremotely.com//remote-jobs/opencraft-senior-open-source-developer-devops-python-django-react-aws-openstack, OpenCraft,Anywhere in the World, Senior Open Source Developer & DevOps (Python  Django  React  AWS/OpenStack)
https://weworkremotely.com//remote-jobs/proxify-ab-senior-python-engineer-long-term-job-100-remote, Proxify AB,Anywhere in the World, Senior Python Engineer: Long-term job - 100% remote
https://weworkremotely.com//remote-jobs/optimile-senior-python-full-stack-software-developer, Optimile,Europe Only, (Senior) Python Full Stack Software Developer
https://weworkremotely.com//remote-jobs/nannyml-senior-full-stack-engineer-with-python, NannyML,Anywhere in the World, Senior Full-stack Engineer with Python
https://weworkremotely.com//remote-jobs/assemblyai-yc-17-senior-software-engineer-python, AssemblyAI (YC 17),Anywhere in the World, Senior Software Engineer  Python
https://weworkremotely.com//remote-jobs/ebury-senior-python-developer-full-remote-1, Ebury,Latin America Only/Europe Only, Senior Python Developer - Full Remote 
https://weworkremotely.com//remote-jobs/doximity-python-platform-engineer, Doximity,Americas Only, Python Platform Engineer
